,precision,recall,f1-score,support
0,0.8797939324556382,0.9648462021343377,0.9203592814371258,1593.0
1,0.7786561264822134,0.48402948402948404,0.5969696969696969,407.0
accuracy,0.867,0.867,0.867,0.867
macro avg,0.8292250294689258,0.7244378430819108,0.7586644892034113,2000.0
weighted avg,0.8592123889400464,0.867,0.854549500998004,2000.0
