Metric,Value
Accuracy,0.867
Precision,0.7786561264822134
Recall,0.48402948402948404
F1 Score,0.5969696969696969
ROC AUC,0.8693462337530133
