Model,Accuracy,Precision,Recall,F1 Score,ROC AUC
Gradient Boosting,0.866,0.7747035573122529,0.48157248157248156,0.593939393939394,0.8675030963166556
Random Forest,0.862,0.788546255506608,0.4398034398034398,0.5646687697160884,0.8472679150645251
Logistic Regression,0.8305,0.6976744186046512,0.29484029484029484,0.41450777202072536,0.796235372506559
Decision Tree,0.7865,0.47607655502392343,0.48894348894348894,0.4824242424242424,0.6757335147165655
