Model,Accuracy,Precision,Recall,F1 Score,ROC AUC
Gradient Boosting,0.867,0.7786561264822134,0.48402948402948404,0.5969696969696969,0.8693462337530133
Random Forest,0.8625,0.8473684210526315,0.3955773955773956,0.5393634840871022,0.8595837748380122
